Timestamp,Form,Message
4/18/2021 2:29:40 PM,MainForm,Form Closed
4/18/2021 2:30:13 PM,MainForm,Connection Succeeded : 192.168.1.149
4/18/2021 2:31:31 PM,MainForm,Connection Succeeded : 192.168.1.149
4/18/2021 2:32:58 PM,MainForm,Connection Succeeded : 192.168.1.149
4/18/2021 2:33:22 PM,MainForm,Form Closed
4/18/2021 2:43:03 PM,MainForm,Connection Succeeded : 192.168.1.149
4/18/2021 2:44:00 PM,MainForm,Connection Succeeded : 192.168.1.149
4/18/2021 2:46:08 PM,Map,MapForm Started Successfully
4/18/2021 2:46:47 PM,Map,Form Closed
4/18/2021 2:53:37 PM,Regen,RegenForm Started Successfully
4/18/2021 2:53:45 PM,Regen,Form Closed
4/18/2021 3:31:50 PM,MainForm,Connection Succeeded : 192.168.1.149
4/18/2021 5:04:35 PM,MainForm,UpdateInventory: Index was outside the bounds of the array.
4/18/2021 6:38:23 PM,MainForm,Connection Succeeded : 192.168.1.149
4/18/2021 6:48:13 PM,MainForm,Form Closed
4/18/2021 6:48:48 PM,MainForm,Form Closed
4/18/2021 6:58:41 PM,MainForm,Form Closed
4/18/2021 7:05:36 PM,MainForm,Form Closed
4/18/2021 7:26:27 PM,MainForm,Form Closed
4/18/2021 7:40:40 PM,MainForm,Form Closed
4/18/2021 8:04:09 PM,MainForm,Form Closed
4/18/2021 8:05:26 PM,MainForm,Form Closed
4/18/2021 8:14:04 PM,MainForm,Form Closed
4/18/2021 8:17:24 PM,MainForm,Form Closed
4/18/2021 8:25:20 PM,MainForm,Form Closed
4/18/2021 8:38:42 PM,MainForm,Form Closed
4/18/2021 8:52:37 PM,MainForm,Form Closed
4/18/2021 9:07:22 PM,MainForm,Form Closed
4/19/2021 6:21:14 PM,MainForm,Form Closed
4/29/2021 8:09:44 AM,MainForm,Form Closed
4/29/2021 8:10:24 AM,MainForm,Form Closed
4/29/2021 8:13:26 AM,MainForm,Form Closed
4/29/2021 8:17:25 AM,MainForm,Form Closed
6/13/2021 6:20:20 AM,MainForm,Form Closed
6/13/2021 6:37:34 AM,MainForm,Form Closed
6/13/2021 6:44:03 AM,MainForm,Form Closed
6/13/2021 6:53:00 AM,MainForm,Form Closed
6/13/2021 8:26:19 AM,MainForm,Form Closed
6/13/2021 8:31:44 AM,MainForm,Form Closed
6/13/2021 8:33:46 AM,MainForm,Form Closed
6/13/2021 8:35:01 AM,MainForm,Form Closed
6/13/2021 8:37:19 AM,MainForm,Form Closed
6/13/2021 8:39:08 AM,MainForm,Form Closed
6/13/2021 8:41:56 AM,MainForm,Form Closed
6/13/2021 8:44:10 AM,MainForm,Form Closed
6/13/2021 9:12:05 AM,MainForm,Form Closed
6/13/2021 9:50:03 AM,MainForm,Form Closed
6/13/2021 9:52:20 AM,MainForm,Form Closed
6/13/2021 9:52:24 AM,MainForm,Form Closed
6/13/2021 10:45:49 AM,MainForm,Form Closed
6/13/2021 11:42:04 AM,MainForm,Form Closed
6/13/2021 11:43:28 AM,MainForm,Form Closed
6/13/2021 11:50:39 AM,MainForm,Form Closed
6/13/2021 11:51:02 AM,MainForm,Form Closed
6/13/2021 12:01:51 PM,MainForm,Form Closed
6/13/2021 12:03:50 PM,MainForm,Form Closed
6/13/2021 12:04:09 PM,MainForm,Form Closed
6/13/2021 12:15:09 PM,MainForm,Form Closed
6/13/2021 12:16:58 PM,MainForm,Form Closed
6/13/2021 12:20:29 PM,MainForm,Form Closed
6/13/2021 12:22:47 PM,MainForm,Form Closed
6/13/2021 12:25:26 PM,MainForm,Form Closed
6/13/2021 12:43:19 PM,MainForm,Form Closed
6/13/2021 12:43:47 PM,MainForm,Form Closed
6/13/2021 12:51:01 PM,MainForm,Form Closed
6/13/2021 12:52:48 PM,MainForm,Form Closed
6/13/2021 12:56:34 PM,MainForm,Form Closed
6/13/2021 1:08:15 PM,MainForm,Form Closed
6/13/2021 1:09:37 PM,MainForm,Form Closed
6/13/2021 1:10:50 PM,MainForm,Form Closed
6/13/2021 1:11:43 PM,MainForm,Form Closed
6/13/2021 1:17:35 PM,MainForm,Form Closed
6/13/2021 1:19:04 PM,MainForm,Form Closed
6/13/2021 1:23:17 PM,MainForm,Form Closed
6/13/2021 1:25:26 PM,MainForm,Form Closed
6/13/2021 1:29:12 PM,MainForm,Form Closed
6/13/2021 1:29:32 PM,MainForm,Form Closed
6/13/2021 1:30:40 PM,MainForm,Form Closed
6/13/2021 1:31:56 PM,MainForm,Form Closed
11/7/2021 1:33:54 PM,MainForm,Form Closed
11/7/2021 1:37:34 PM,MainForm,Form Closed
11/17/2021 11:50:40 PM,MainForm,Form Closed
11/17/2021 11:58:21 PM,MainForm,Form Closed
